<?xml version="1.0" encoding="UTF-8"?>
<beans
	xmlns="http://www.springframework.org/schema/beans"
	xmlns:xsi="http://www.w3.org/2001/XMLSchema-instance"
	xmlns:p="http://www.springframework.org/schema/p"
	xsi:schemaLocation="http://www.springframework.org/schema/beans http://www.springframework.org/schema/beans/spring-beans-3.2.xsd">
    <import resource="dataContext.xml"/>
   <bean id="sessionFactory"
		class="org.springframework.orm.hibernate3.LocalSessionFactoryBean">
		<property name="dataSource">
			<ref bean="dataSource" />
		</property>
		<property name="hibernateProperties">
			<props>
				<prop key="hibernate.dialect">
					org.hibernate.dialect.Oracle10gDialect
				</prop>
				<prop key="hibernate.show_sql">false</prop>
			</props>
		</property>
		<property name="lobHandler">
    		 <ref bean="lobHandler" />
 		 </property>
		<property name="mappingResources">
			<list>
				<value>com/kidmate/model/KmUserEquipment.hbm.xml</value>
				<value>com/kidmate/model/KmEquipment.hbm.xml</value>
				<value>
					com/kidmate/model/KmChildEquipment.hbm.xml
				</value>
				<value>com/kidmate/model/KmChild.hbm.xml</value>
				<value>
					com/kidmate/model/KmAppControlRule.hbm.xml
				</value>
				<value>com/kidmate/model/KmEquipmentApp.hbm.xml</value>
				<value>com/kidmate/model/KmAppInfo.hbm.xml</value>
				<value>com/kidmate/model/KmAppUsage.hbm.xml</value>
				<value>com/kidmate/model/KmParent.hbm.xml</value>
				<value>com/kidmate/model/KmWifi.hbm.xml</value>
				<value>com/kidmate/model/KmLocation.hbm.xml</value>
				<value>com/kidmate/model/KmMoneyHistory.hbm.xml</value>
				<value>com/kidmate/model/KmSnapshot.hbm.xml</value>
				<value>com/kidmate/model/KmParentSms.hbm.xml</value>
				<value>com/kidmate/model/KmWxInfo.hbm.xml</value>
				<value>com/kidmate/model/KmWxKeyReply.hbm.xml</value>
		        <value>com/kidmate/model/KmGuardian.hbm.xml</value>
		        <value>com/kidmate/model/KmRss.hbm.xml</value>
		        <value>com/kidmate/model/KmRssChannel.hbm.xml</value>
		        <value>com/kidmate/model/KmProduct.hbm.xml</value>
		        <value>com/kidmate/model/KmProductClass.hbm.xml</value>
		        <value>com/kidmate/model/KmCredit.hbm.xml</value>
		        <value>com/kidmate/model/KmCreditDetail.hbm.xml</value>
		        <value>com/kidmate/model/KmCreditType.hbm.xml</value>
		         <value>com/kidmate/model/KmSchoolmaster.hbm.xml</value>
		     </list>
		</property>
	</bean>
	
	
	<bean id="AppInfoServiceImpl" class="com.kidmate.service.impl.AppInfoServiceImpl">
		<property name="shardedJedisPool">
			<ref bean="ShardedJedisPool" />
		</property>
		<property name="kmAppInfoDAO">
			<ref bean="KmAppInfoDAO" />
		</property>
		<property name="kmEquipmentAppDAO">
			<ref bean="KmEquipmentAppDAO" />
		</property>
		<property name="config">
			<ref bean="Config" />
		</property>
		<property name="redisUtil">
			<ref bean="RedisUtil" />
		</property>
	</bean>
	
	<bean id="AppUsageServiceImpl" class="com.kidmate.service.impl.AppUsageServiceImpl">
		<property name="kmAppUsageDAO">
			<ref bean="KmAppUsageDAO" />
		</property>
		<property name="shardedJedisPool">
			<ref bean="ShardedJedisPool" />
		</property>
		<property name="redisUtil">
			<ref bean="RedisUtil" />
		</property>
		<property name="config">
			<ref bean="Config" />
		</property>
		<property name="equipmentService">
			<ref bean="EquipmentServiceImpl" />
		</property>
		<property name="kmChildDAO">
			<ref bean="KmChildDAO" />
		</property>
	</bean>
	<bean id="ChildUserServiceImpl" class="com.kidmate.service.impl.ChildUserServiceImpl">
		<property name="kmChildDAO">
			<ref bean="KmChildDAO" />
		</property>
		<property name="kmEquipmentDAO">
			<ref bean="KmEquipmentDAO" />
		</property>
		<property name="kmChildEquipmentDAO">
			<ref bean="KmChildEquipmentDAO" />
		</property>
		<property name="kmEquipmentAppDAO">
			<ref bean="KmEquipmentAppDAO" />
		</property>
		<property name="kmAppControlRuleDAO">
			<ref bean="KmAppControlRuleDAO" />
		</property>
		<!-- zz 7-28 -->
		<property name="kmGuardianDao">
			<ref bean="KmGuardianDao" />
		</property>
		<property name="kmSnapshotDAO">
			<ref bean="KmSnapshotDAO" />
		</property>
		<property name="shardedJedisPool">
			<ref bean="ShardedJedisPool" />
		</property>
		<property name="internalServiceUtil">
			<ref bean="InternalServiceUtil" />
		</property>
		<property name="parentUserService">
			<ref bean="ParentUserServiceImpl" />
		</property>
		<property name="config">
			<ref bean="Config" />
		</property>
	</bean>
	<bean id="ControlServiceImpl" class="com.kidmate.service.impl.ControlServiceImpl">
		<property name="shardedJedisPool">
			<ref bean="ShardedJedisPool" />
		</property>
		<property name="kmAppControlRuleDAO">
			<ref bean="KmAppControlRuleDAO" />
		</property>
		<!-- zz 8-9 -->
		<property name="kmGuardianDao">
			<ref bean="KmGuardianDao" />
		</property>
		<property name="equipmentService">
			<ref bean="EquipmentServiceImpl" />
		</property>
		<property name="internalServiceUtil">
			<ref bean="InternalServiceUtil" />
		</property>
		<property name="childUserService">
			<ref bean="ChildUserServiceImpl" />
		</property>
	</bean>
	<bean id="EquipmentServiceImpl" class="com.kidmate.service.impl.EquipmentServiceImpl">
		<property name="kmEquipmentDAO">
			<ref bean="KmEquipmentDAO"/>
		</property>
		<property name="config">
			<ref bean="Config" />
		</property>
		<property name="shardedJedisPool">
			<ref bean="ShardedJedisPool" />
		</property>
		<property name="kmAppControlRuleDAO">
			<ref bean="KmAppControlRuleDAO" />
		</property>
		<property name="kmChildEquipmentDAO">
			<ref bean="KmChildEquipmentDAO" />
		</property>
		<property name="kmEquipmentAppDAO">
			<ref bean="KmEquipmentAppDAO" />
		</property>
		<!-- zz 7-28 -->
		<property name="kmGuardianDao">
			<ref bean="KmGuardianDao" />
		</property>
		<property name="appUsageService">
			<ref bean="AppUsageServiceImpl" />
		</property>
		<property name="parentUserService">
			<ref bean="ParentUserServiceImpl" />
		</property>
		<property name="internalServiceUtil">
			<ref bean="InternalServiceUtil" />
		</property>
		<property name="childUserService">
			<ref bean="ChildUserServiceImpl" />
		</property>
	</bean>
	
	<bean id="ParentUserServiceImpl" class="com.kidmate.service.impl.ParentUserServiceImpl">
		<property name="shardedJedisPool">
			<ref bean="ShardedJedisPool" />
		</property>
		<property name="kmParentDAO">
			<ref bean="KmParentDAO" />
		</property>
		<property name="config">
			<ref bean="Config" />
		</property>
		<property name="kmProductDao">
			<ref bean="KmProductDao" />
		</property>
		<property name="kmProductClassDao">
			<ref bean="KmProductClassDao" />
		</property>
		<property name="creditServiceImpl">
			<ref bean="CreditServiceImpl" />
		</property>
	</bean>
	
	<bean id="PositionServiceImpl" class="com.kidmate.service.impl.PositionServiceImpl">
		<property name="kmLocationDAO">
			<ref bean="KmLocationDAO" />
		</property>
		<property name="kmWifiDAO">
			<ref bean="KmWifiDAO" />
		</property>
	</bean>
	<!-- 09-08 zz -->
	<bean id="CreditServiceImpl" class="com.kidmate.service.impl.CreditServiceImpl">
		<property name="kmCreditDao">
			<ref bean="KmCreditDAO" />
		</property>
		<property name="kmCreditDetailDao">
			<ref bean="KmCreditDetailDAO" />
		</property>
		<property name="shardedJedisPool">
			<ref bean="ShardedJedisPool" />
		</property>
		<property name="kmParentDAO">
			<ref bean="KmParentDAO" />
		</property>
		<property name="kmRssChannelDao">
			<ref bean="KmRssChannelDao" />
		</property>
		<property name="kmRssDao">
			<ref bean="KmRssDao" />
		</property>
	</bean>
	<bean id="RedisUtil" class="com.kidmate.tools.RedisUtil">
		<property name="shardedJedisPool">
			<ref bean="ShardedJedisPool" />
		</property>
	</bean>	
	
	<bean id="KmAppControlRuleDAO"
		class="com.kidmate.model.KmAppControlRuleDAO">
		<property name="sessionFactory">
			<ref bean="sessionFactory" />
		</property>
	</bean>
	<bean id="KmEquipmentAppDAO"
		class="com.kidmate.model.KmEquipmentAppDAO">
		<property name="sessionFactory">
			<ref bean="sessionFactory" />
		</property>
	</bean>
	<bean id="KmUserEquipmentDAO"
		class="com.kidmate.model.KmUserEquipmentDAO">
		<property name="sessionFactory">
			<ref bean="sessionFactory" />
		</property>
	</bean>
	<bean id="KmEquipmentDAO"
		class="com.kidmate.model.KmEquipmentDAO">
		<property name="sessionFactory">
			<ref bean="sessionFactory" />
		</property>
	</bean>
	<bean id="KmAppInfoDAO" class="com.kidmate.model.KmAppInfoDAO">
		<property name="sessionFactory">
			<ref bean="sessionFactory" />
		</property>
	</bean>
	<bean id="KmAppUsageDAO" class="com.kidmate.model.KmAppUsageDAO">
		<property name="sessionFactory">
			<ref bean="sessionFactory" />
		</property>
	</bean>
	<bean id="KmParentDAO" class="com.kidmate.model.KmParentDAO">
		<property name="sessionFactory">
			<ref bean="sessionFactory" />
		</property>
	</bean>
	<bean id="KmChildEquipmentDAO" class="com.kidmate.model.KmChildEquipmentDAO">
		<property name="sessionFactory">
			<ref bean="sessionFactory" />
		</property>
	</bean>
	<bean id="KmChildDAO" class="com.kidmate.model.KmChildDAO">
		<property name="sessionFactory">
			<ref bean="sessionFactory" />
		</property>
	</bean>
	<bean id="KmWifiDAO" class="com.kidmate.model.KmWifiDAO">
		<property name="sessionFactory">
			<ref bean="sessionFactory" />
		</property>
	</bean>
	<bean id="KmLocationDAO" class="com.kidmate.model.KmLocationDAO">
		<property name="sessionFactory">
			<ref bean="sessionFactory" />
		</property>
	</bean>
	<bean id="KmSnapshotDAO" class="com.kidmate.model.KmSnapshotDAO">
		<property name="sessionFactory">
			<ref bean="sessionFactory" />
		</property>
	</bean>
	<bean id="KmMoneyHistoryDAO"
		class="com.kidmate.model.KmMoneyHistoryDAO">
		<property name="sessionFactory">
			<ref bean="sessionFactory" />
		</property>
	</bean>
	<bean id="KmParentSmsDAO"
		class="com.kidmate.model.KmParentSmsDAO">
		<property name="sessionFactory">
			<ref bean="sessionFactory" />
		</property>
	</bean>
	<bean id="KmWxInfoDAO" class="com.kidmate.model.KmWxInfoDAO">
		<property name="sessionFactory">
			<ref bean="sessionFactory" />
		</property>
	</bean>
    <bean id="KmWxKeyReplyDAO"
		class="com.kidmate.model.KmWxKeyReplyDAO">
		<property name="sessionFactory">
			<ref bean="sessionFactory" />
		</property>
	</bean>
	<bean id="KmGuardianDao" class="com.kidmate.model.KmGuardianDao">
            <property name="sessionFactory">
			<ref bean="sessionFactory" />
		</property>
	</bean>
	
	<!-- 8-1 zz -->
	<bean id="KmRssDao" class="com.kidmate.model.KmRssDao">
		<property name="sessionFactory">
			<ref bean="sessionFactory" />
		</property>
	</bean>
	<bean id="KmRssChannelDao" class="com.kidmate.model.KmRssChannelDao">
		<property name="sessionFactory">
			<ref bean="sessionFactory" />
		</property>
	</bean>
	
	<!-- 8-17 zz -->
	   <bean id="KmProductDao" class="com.kidmate.model.KmProductDao">
		<property name="sessionFactory">
			<ref bean="sessionFactory" />
		</property>
	</bean>
	<bean id="KmProductClassDao" class="com.kidmate.model.KmProductClassDao">
		<property name="sessionFactory">
			<ref bean="sessionFactory" />
		</property>
	</bean>
	<!-- 9-08 zz -->
	<bean id="KmCreditDAO" class="com.kidmate.model.KmCreditDAO">
		<property name="sessionFactory">
			<ref bean="sessionFactory" />
		</property>
	</bean>
	<bean id="KmCreditDetailDAO"
		class="com.kidmate.model.KmCreditDetailDAO">
		<property name="sessionFactory">
			<ref bean="sessionFactory" />
		</property>
	</bean>
	<bean id="KmCreditTypeDAO"
		class="com.kidmate.model.KmCreditTypeDAO">
		<property name="sessionFactory">
			<ref bean="sessionFactory" />
		</property>
	</bean>
	
	<bean id="KmSchoolmasterDAO"
		class="com.kidmate.model.KmSchoolmasterDAO">
		<property name="sessionFactory">
			<ref bean="sessionFactory" />
		</property>
	</bean>
</beans>
