<beans
	xmlns="http://www.springframework.org/schema/beans"
	xmlns:xsi="http://www.w3.org/2001/XMLSchema-instance"
	xmlns:p="http://www.springframework.org/schema/p"
	xsi:schemaLocation="http://www.springframework.org/schema/beans http://www.springframework.org/schema/beans/spring-beans-3.0.xsd">
	<import resource="applicationContext.xml"/>
    <bean id="InternalServiceImpl" class="com.kidmate.service.impl.InternalServiceImpl">
		<property name="shardedJedisPool">
			<ref bean="ShardedJedisPool" />
		</property>
		<property name="appUsageRunnable">
			<ref bean="AppUsageRunnable" />
		</property>
		<property name="ParentMessageSendRunnable">
			<ref bean="ParentMessageSendRunnable" />
		</property>
		<property name="ChildMessageSendRunnable">
			<ref bean="ChildMessageSendRunnable" />
		</property>
		<property name="config">
			<ref bean="Config" />
		</property>
	</bean>
	 
	<bean name="InternalServiceUtil" class="com.kidmate.tools.InternalServiceUtil">
		<property name="internalService">
			<ref bean="InternalServiceImpl" />
		</property>
	</bean>
	
	<bean name="InternalConfig" class="com.kidmate.tools.InternalConfig">
		<property name="port" value="6688" />
		<property name="selectorThreadCount" value="8" />
		<property name="workerThreadCount" value="16" />
		
		<property name="parentMessageThreadCount" value="2" />
		<property name="childMessageThreadCount" value="2" />
	</bean>
	
	<bean name="AppUsageRunnable" class="com.kidmate.thread.AppUsageRunnable">
		<property name="shardedJredisPool">
			<ref bean="ShardedJedisPool" />
		</property>
		<property name="appUsageServiceImpl">
			<ref bean="AppUsageServiceImpl" />
		</property>
	</bean>
	<bean name="ParentMessageSendRunnable" class="com.kidmate.thread.MessageSendRunnable">
		<property name="config">
			<ref bean="Config" />
		</property>
		<property name="ParentClient" value="true" />
	</bean>
	
	<bean name="ChildMessageSendRunnable" class="com.kidmate.thread.MessageSendRunnable">
		<property name="config">
			<ref bean="Config" />
		</property>
		<property name="ParentClient" value="false" />
	</bean>
     
</beans>