<?xml version="1.0" encoding="UTF-8"?>
<beans
	xmlns="http://www.springframework.org/schema/beans"
	xmlns:xsi="http://www.w3.org/2001/XMLSchema-instance"
	xmlns:p="http://www.springframework.org/schema/p"
	xsi:schemaLocation="http://www.springframework.org/schema/beans http://www.springframework.org/schema/beans/spring-beans-3.2.xsd">
      
	
	

	<bean id="dataSource" class="com.mchange.v2.c3p0.ComboPooledDataSource" destroy-method="close">
		<property name="driverClass">
			<value>oracle.jdbc.driver.OracleDriver</value>
		</property>
		<property name="jdbcUrl">
			<!-- <value>jdbc:oracle:thin:@192.168.3.7:1521:ora11g</value> -->
			<value>jdbc:oracle:thin:@192.168.0.56:1521:ora11g</value>
		</property>
		<property name="user">
			<value>kidmate</value>
		</property>
		<property name="password">
			<value>kidmate</value>
		</property>
		<property name="maxPoolSize">
			<value>150</value>
		</property>
		<property name="minPoolSize">
			<value>2</value>
		</property>
		<property name="initialPoolSize">
			<value>2</value>
		</property>
		<property name="acquireIncrement">
			<value>2</value>
		</property>
		<!--
			当连接池用完时客户端调用getConnection()后等待获取新连接的时间，超时后将抛出
			SQLException,如设为0则无限期等待。单位毫秒。Default: 0
		-->
		<property name="checkoutTimeout">
			<value>20000</value>
		</property>
		<!--最大空闲时间,10800秒内未使用则连接被丢弃。若为0则永不丢弃。Default: 0 -->
		<property name="maxIdleTime">
			<value>30</value>
		</property>
		<!--每60秒检查所有连接池中的空闲连接。Default: 0 -->
		<property name="idleConnectionTestPeriod">
			<value>30</value>
		</property>
	</bean>
	
	<bean id="Config" class="com.kidmate.tools.Config">
		<!--  <property name="imagePath" value="/Users/John/Work/jetty-distribution-7.6.17.v20150415/webapps/images" />-->
		<property name="imagePath" value="/Tomcat 7.0/webapps/images" />
		<property name="imageUrl" value="http://192.168.0.222:888/images/" />
		<property name="taoBaoServerUrl" value="http://gw.api.taobao.com/router/rest" /><!-- 正式环境	http://gw.api.taobao.com/router/rest  沙箱环境	http://gw.api.tbsandbox.com/router/rest -->
		<property name="parentAppkey" value="23329596" />
		<property name="parentAppSec" value="0c2e64b0bea00152d3913f7a855ec226" />
		<property name="childAppKey" value="23329743" />
		<property name="childAppSec" value="eef4a17d835754cfea58a83366222b54" />
		<property name="parentAudit" value="true"/>
		<property name="parentCode" value="149861"/>
		<property name="parentVersion" value="1.0"/>
		<property name="timedur" value="900000"/>
		<property name="develop" value="true"/>
	</bean>
	
	<bean id="jedis.shardInfo" class="redis.clients.jedis.JedisShardInfo">
		<constructor-arg index="0" value="192.168.0.56" />   <!-- 127.0.0.1 192.168.0.56 -->
        <constructor-arg index="1" value="6379" type="int"/>
	</bean>
	
	<bean id="jedisPoolConfig" class="redis.clients.jedis.JedisPoolConfig">
		<property name="maxActive" value="20" />
		<property name="maxIdle" value="10" />
		<property name="maxWait" value="1000" />
		<property name="testOnBorrow" value="true" />
	</bean>
	<bean id="ShardedJedisPool" class="redis.clients.jedis.ShardedJedisPool">
		<constructor-arg index="0" ref="jedisPoolConfig" />
		<constructor-arg index="1">
			<list>
				<ref bean="jedis.shardInfo" />
			</list>
		</constructor-arg>
	</bean>
	
	<bean class="org.springframework.web.servlet.mvc.annotation.AnnotationMethodHandlerAdapter">
		
	</bean>
	 <bean id="nativeJdbcExtractor" class="org.springframework.jdbc.support.nativejdbc.C3P0NativeJdbcExtractor"  lazy-init="true" /> 
	<bean id="lobHandler" class="org.springframework.jdbc.support.lob.OracleLobHandler" lazy-init="true">
	  <property name="nativeJdbcExtractor">
	   <ref local="nativeJdbcExtractor" />
	  </property>
	</bean>
	
	<bean class="org.springframework.web.servlet.mvc.annotation.AnnotationMethodHandlerAdapter">
	</bean>
	
</beans>

