<?xml version="1.0" encoding="UTF-8"?>
<beans
	xmlns="http://www.springframework.org/schema/beans"
	xmlns:xsi="http://www.w3.org/2001/XMLSchema-instance"
	xmlns:p="http://www.springframework.org/schema/p"
	 xmlns:context="http://www.springframework.org/schema/context"
	xmlns:mvc="http://www.springframework.org/schema/mvc"
	xsi:schemaLocation="http://www.springframework.org/schema/beans
	 http://www.springframework.org/schema/beans/spring-beans-3.0.xsd
	 http://www.springframework.org/schema/context 
        http://www.springframework.org/schema/context/spring-context-3.0.xsd
		http://www.springframework.org/schema/mvc 
		http://www.springframework.org/schema/mvc/spring-mvc-3.0.xsd">
	<import resource="applicationContext.xml"/>
	  <context:component-scan base-package="com.kidmate.comman"/> 
	 <context:component-scan base-package="com.kidmate.action"/> 
	 
	<bean id="servletHandlerAdapter" class="org.springframework.web.servlet.handler.SimpleServletHandlerAdapter"/>
	<bean name="/parent.do" class="com.kidmate.servlet.TsnapBinaryServlet">
		<constructor-arg index="0" ref="ParentService.Processor" />
	</bean>
	<bean name="/child.do" class="com.kidmate.servlet.TsnapBinaryServlet">
		<constructor-arg index="0" ref="ChildService.Processor" />
	</bean>
	<bean id="ChildService.Processor" class="com.kidmate.kmservice.ChildService.Processor">
		<constructor-arg index="0" ref="ChildServiceImpl" />
	</bean>
	
	<bean id="ParentService.Processor" class="com.kidmate.kmservice.ParentService.Processor">
		<constructor-arg index="0" ref="ParentServiceImpl" />
	</bean>
	
   <bean id="ParentServiceImpl" class="com.kidmate.service.impl.ParentServiceImpl">
		<property name="shardedJedisPool">
			<ref bean="ShardedJedisPool" />
		</property>
		<property name="parentUserService">
			<ref bean="ParentUserServiceImpl" />
		</property>
		<property name="MdmService">
			<ref bean="MdmServiceImpl" />
		</property>
		<property name="kmEquipmentDAO">
			<ref bean="KmEquipmentDAO" />
		</property>
		<property name="kmChildEquipmentDAO">
			<ref bean="KmChildEquipmentDAO" />
		</property>
		<property name="childUserService">
			<ref bean="ChildUserServiceImpl" />
		</property>
		<property name="appInfoService">
			<ref bean="AppInfoServiceImpl" />
		</property>
		<property name="equipmentService">
			<ref bean="EquipmentServiceImpl" />
		</property>
		<property name="controlService">
			<ref bean="ControlServiceImpl" />
		</property>
		<property name="appUsageService">
			<ref bean="AppUsageServiceImpl" />
		</property>
		<property name="positionService">
			<ref bean="PositionServiceImpl" />
		</property>
		<property name="config">
			<ref bean="Config" />
		</property>
		<property name="appStoreRechargeService">
			<ref bean="AppStoreRechargeService" />
		</property>
		<property name="creditServiceImpl">
			<ref bean="CreditServiceImpl" />
		</property>
		
	</bean>
	<!-- 8-1 zz -->
	<bean name="KmRssAction" class="com.kidmate.action.KmRssAction">
		<property name="kmRssChannelDao">
			<ref bean="KmRssChannelDao" />
		</property>
		<property name="config">
			<ref bean="Config" />
		</property>
		<property name="kmRssDao">
			<ref bean="KmRssDao" />
		</property>
	</bean>
	<bean id="MdmServiceImpl" class="com.kidmate.service.impl.MdmServiceImpl">
	     <property name="shardedJedisPool">
			<ref bean="ShardedJedisPool" />
		</property>
		
	     <property name="appInfoService">
			<ref bean="AppInfoServiceImpl" />
		</property>
		<property name="kmEquipmentDAO">
			<ref bean="KmEquipmentDAO" />
		</property>
		<property name="kmAppInfoDAO">
			<ref bean="KmAppInfoDAO" />
		</property>
		<property name="kmAppControlRuleDAO">
			<ref bean="KmAppControlRuleDAO" />
		</property>
		<property name="kmChildEquipmentDAO">
			<ref bean="KmChildEquipmentDAO" />
		</property>
	</bean>
	
	<bean id="AppStoreRechargeService" class="com.kidmate.service.impl.AppStoreRechargeService">
		<property name="kmParentDAO">
			<ref bean="KmParentDAO" />
		</property>
		<property name="kmMoneyHistoryDAO">
			<ref bean="KmMoneyHistoryDAO" />
		</property>
	</bean>
	
	<bean name="/taobao.do" class="com.kidmate.servlet.TaobaoRecharge">
		<property name="kmParentDAO">
			<ref bean="KmParentDAO" />
		</property>
		<property name="kmMoneyHistoryDAO">
			<ref bean="KmMoneyHistoryDAO" />
		</property>
	</bean>
	
	<bean id="ChildServiceImpl" class="com.kidmate.service.impl.ChildServiceImpl">
		<property name="shardedJedisPool">
			<ref bean="ShardedJedisPool" />
		</property>
		<property name="equipmentService">
			<ref bean="EquipmentServiceImpl" />
		</property>
		<property name="appInfoService">
			<ref bean="AppInfoServiceImpl" />
		</property>
		<property name="internalServiceUtil">
			<ref bean="InternalServiceUtil" />
		</property>
		<property name="positionService">
			<ref bean="PositionServiceImpl" />
		</property>
		<property name="controlService">
			<ref bean="ControlServiceImpl" />
		</property>
		<property name="childUserService">
			<ref bean="ChildUserServiceImpl" />
		</property>
	</bean>
	
	<bean id="InternalServiceClientFactory" class="com.kidmate.tools.InternalServiceClientFactory">
		<property name="ip"><value>127.0.0.1</value></property>
		<property name="port"><value>6688</value></property>
	</bean>
	<bean name="GenericObjectPoolConfig" class="org.apache.commons.pool2.impl.GenericObjectPoolConfig">
		<property name="maxIdle" value="10" />
		<property name="testOnBorrow" value="true" />
	</bean>
	
	<bean name="GenericObjectPool" class="org.apache.commons.pool2.impl.GenericObjectPool">
		<constructor-arg index="0" ref="InternalServiceClientFactory" />
		<constructor-arg index="1" ref="GenericObjectPoolConfig" />
	</bean>
	
	<bean name="InternalServiceUtil" class="com.kidmate.tools.InternalServiceUtil">
		<property name="genericObjectPool">
			<ref bean="GenericObjectPool" />
		</property>
	</bean>
    
    <bean name="taskJob" class="com.kidmate.wx.test.TaskJob">
    </bean>
    
</beans>