<?xml version="1.0" encoding="UTF-8"?>
<beans xmlns="http://www.springframework.org/schema/beans"
	xmlns:jdbc="http://www.springframework.org/schema/jdbc" xmlns:aop="http://www.springframework.org/schema/aop"
	xmlns:xsi="http://www.w3.org/2001/XMLSchema-instance" xmlns:context="http://www.springframework.org/schema/context"
	xmlns:tx="http://www.springframework.org/schema/tx" xmlns:util="http://www.springframework.org/schema/util"
	xmlns:mvc="http://www.springframework.org/schema/mvc"
	xsi:schemaLocation="
	http://www.springframework.org/schema/tx http://www.springframework.org/schema/tx/spring-tx-2.5.xsd
	http://www.springframework.org/schema/beans http://www.springframework.org/schema/beans/spring-beans.xsd
	http://www.springframework.org/schema/aop http://www.springframework.org/schema/aop/spring-aop-3.0.xsd
	http://www.springframework.org/schema/context http://www.springframework.org/schema/context/spring-context-3.0.xsd 
	http://www.springframework.org/schema/jdbc http://www.springframework.org/schema/jdbc/spring-jdbc-3.0.xsd
	http://www.springframework.org/schema/mvc http://www.springframework.org/schema/mvc/spring-mvc-3.0.xsd
	http://www.springframework.org/schema/util http://www.springframework.org/schema/util/spring-util-3.0.xsd">
	
	<bean id="ConfigInfo"
		class="org.springframework.beans.factory.config.PropertyPlaceholderConfigurer">
		<property name="locations">
			<list>
				<value>classpath:wechat.properties</value>
			</list>
		</property>
	</bean>
	<!-- 配置可以使用注解（@RequestMapping）的类 -->
	<bean
		class="org.springframework.web.servlet.mvc.annotation.DefaultAnnotationHandlerMapping">
	</bean>
	<!-- 通过注解加载bean配置 -->
	<bean
		class="org.springframework.beans.factory.annotation.AutowiredAnnotationBeanPostProcessor" />
	<!-- 配置文件上传 ,id必须要有，且只能是这个id <bean id="multipartResolver" class="org.springframework.web.multipart.commons.CommonsMultipartResolver"></bean> -->
	<!-- 自动识别某个包 ,识别@Controller @Resource @Service -->
	<context:component-scan base-package="com.kidmate.wx.controller" />
	<context:component-scan base-package="com.kidmate.wx.service" />
	<bean id="wxconfig" class="com.kidmate.wx.utils.WeixinConfig">
		<property name="appid" value="${appid}" />
		<property name="version" value="${version}" />
		<property name="appsecret" value="${appsecret}" />
		<property name="source" value="3000" />
		<property name="xcx_appid" value="${xcx_appid}" />
		<property name="xcx_appsecret" value="${xcx_appsecret}" />
		<property name="develop" value="${isDevelop}" />
	</bean>
	
	<!-- 对模型视图名称的解析，即在模型视图名称添加前后缀 -->
	<bean class="org.springframework.web.servlet.view.InternalResourceViewResolver">
		<property name="prefix" value="/page/"/>
		<property name="suffix" value=".jsp"/>
	</bean>
	<mvc:annotation-driven/>
	<mvc:resources location="/style/" mapping="/css/**" />
	<mvc:resources location="/js/" mapping="/js/**" />
	<!-- 默认不拦截的文件及其路径 
	<mvc:resources location="/js/**" mapping="/js/**" />
	<mvc:resources location="/static/**" mapping="/static/**" />-->
	<!-- 使用MethodInvokingJobDetailFactoryBean，任务类可以不实现Job接口，通过targetMethod指定调用方法 -->
	<bean id="taskJob" class="com.kidmate.wx.quartz.TokenQtz" >
		<property name="config" ref="wxconfig"/>
	</bean>
	<bean id="jobDetail"
		class="org.springframework.scheduling.quartz.MethodInvokingJobDetailFactoryBean">
		<property name="group" value="job_work" />
		<property name="name" value="job_work_name" />
		<!--false表示等上一个任务执行完后再开启新的任务 -->
		<property name="concurrent" value="false" />
		<property name="targetObject">
			<ref bean="taskJob" />
		</property>
		<property name="targetMethod">
			<value>execute</value>
		</property>
	</bean>

	<!-- 调度触发器 -->
	<bean id="myTrigger"
		class="org.springframework.scheduling.quartz.CronTriggerFactoryBean">
		<property name="name" value="work_default_name" />
		<property name="group" value="work_default" />
		<property name="jobDetail">
			<ref bean="jobDetail" />
		</property>
		<property name="cronExpression">
			<value>0 0 */1 * * ?</value>
		</property>
	</bean>
  
	<!-- 调度工厂 -->
	<bean id="scheduler"
		class="org.springframework.scheduling.quartz.SchedulerFactoryBean">
		<property name="triggers">
			<list>
				<ref bean="myTrigger" />
			</list>
		</property>
	</bean>
</beans>
