<?xml version="1.0" encoding="UTF-8"?>
<!DOCTYPE hibernate-reverse-engineering PUBLIC "-//Hibernate/Hibernate Reverse Engineering DTD 3.0//EN" "http://hibernate.sourceforge.net/hibernate-reverse-engineering-3.0.dtd" >

<hibernate-reverse-engineering>
	<table name="KM_WX_INFO" schema="KIDMATE">
		<primary-key>
			<generator class="sequence"></generator>
		</primary-key>
	</table>
<table name="KM_WX_KEY_REPLY" schema="KIDMATE">
	<primary-key>
		<generator class="sequence"></generator>
	</primary-key>
</table>
</hibernate-reverse-engineering>