<?xml version="1.0" encoding="utf-8"?>
<!DOCTYPE hibernate-mapping PUBLIC "-//Hibernate/Hibernate Mapping DTD 3.0//EN"
"http://hibernate.sourceforge.net/hibernate-mapping-3.0.dtd">
<!-- 
    Mapping file autogenerated by MyEclipse Persistence Tools
-->
<hibernate-mapping>
    <class name="com.kidmate.model.KmAppUsage" table="KM_APP_USAGE" schema="KIDMATE">
        <id name="id" type="java.lang.Long">
            <column name="ID" precision="18" scale="0" />
            <generator class="sequence">
				<param name="sequence">seq_KM_APP_USAGE</param>
			</generator>
        </id>
        <property name="equipmentid" type="java.lang.Long">
            <column name="EQUIPMENTID" precision="18" scale="0" />
        </property>
        <property name="childid" type="java.lang.Long">
            <column name="CHILDID" precision="18" scale="0" />
        </property>
        <property name="appid" type="java.lang.Long">
            <column name="APPID" precision="18" scale="0" />
        </property>
        <property name="wifiid" type="java.lang.Long">
            <column name="WIFIID" precision="18" scale="0" />
        </property>
        <property name="ip" type="java.lang.String">
            <column name="IP" length="16" />
        </property>
        <property name="locationid" type="java.lang.Long">
            <column name="LOCATIONID" precision="18" scale="0" />
        </property>
        <property name="createtime" type="java.util.Date">
            <column name="CREATETIME" length="7" />
        </property>
        <property name="duration" type="java.lang.Long">
            <column name="DURATION" precision="18" scale="0" />
        </property>
        <property name="status" type="java.lang.String">
            <column name="STATUS" length="1" />
        </property>
    </class>
</hibernate-mapping>
