<?xml version="1.0" encoding="utf-8"?>
<!DOCTYPE hibernate-mapping PUBLIC "-//Hibernate/Hibernate Mapping DTD 3.0//EN"
"http://hibernate.sourceforge.net/hibernate-mapping-3.0.dtd">
<!-- 
    Mapping file autogenerated by MyEclipse Persistence Tools
-->
<hibernate-mapping>
    <class name="com.kidmate.model.KmAppControlRule" table="KM_APP_CONTROL_RULE" schema="KIDMATE">
        <id name="id" type="java.lang.Long">
            <column name="ID" precision="18" scale="0" />
            <generator class="sequence">
				<param name="sequence">seq_KM_APP_CONTROL_RULE</param>
			</generator>
        </id>
        <property name="parentid" type="java.lang.Long">
            <column name="PARENTID" precision="18" scale="0" />
        </property>
        <property name="childid" type="java.lang.Long">
            <column name="CHILDID" precision="18" scale="0" />
        </property>
        <property name="equipmentid" type="java.lang.Long">
            <column name="EQUIPMENTID" precision="18" scale="0" />
        </property>
        <property name="controlname" type="java.lang.String">
            <column name="CONTROLNAME" length="128" />
        </property>
        <property name="appid" type="java.lang.Long">
            <column name="APPID" precision="18" scale="0" />
        </property>
        <property name="starttime" type="java.lang.Integer">
            <column name="STARTTIME" precision="9" scale="0" />
        </property>
        <property name="endtime" type="java.lang.Integer">
            <column name="ENDTIME" precision="9" scale="0" />
        </property>
        <property name="duration" type="java.lang.Integer">
            <column name="DURATION" precision="9" scale="0" />
        </property>
        <property name="exceptapp" type="java.lang.String">
            <column name="EXCEPTAPP" length="512" />
        </property>
        <property name="repeattype" type="java.lang.Integer">
            <column name="REPEATTYPE" precision="9" scale="0" />
        </property>
        <property name="createtime" type="java.util.Date">
            <column name="CREATETIME" length="7" />
        </property>
        <property name="status" type="java.lang.String">
            <column name="STATUS" length="1" />
        </property>
    </class>
</hibernate-mapping>
