<?xml version="1.0" encoding="utf-8"?>
<!DOCTYPE hibernate-mapping PUBLIC "-//Hibernate/Hibernate Mapping DTD 3.0//EN"
"http://hibernate.sourceforge.net/hibernate-mapping-3.0.dtd">
<!-- 
    Mapping file autogenerated by MyEclipse Persistence Tools
-->
<hibernate-mapping>
    <class name="com.kidmate.model.KmAppInfo" table="KM_APP_INFO" schema="KIDMATE">
        <id name="id" type="java.lang.Long">
            <column name="ID" precision="18" scale="0" />
            <generator class="sequence">
				<param name="sequence">seq_KM_SCHOOLMASTER</param>
			</generator>
        </id>
        <property name="name" type="java.lang.String">
            <column name="NAME" length="128" />
        </property>
        <property name="packagename" type="java.lang.String">
            <column name="PACKAGENAME" length="128" />
        </property>
        <property name="icon" type="java.lang.String">
            <column name="ICON" length="128" />
        </property>
        <property name="fromtype" type="java.lang.String">
            <column name="FROMTYPE" length="4" />
        </property>
        <property name="categoryid" type="java.lang.String">
            <column name="CATEGORYID" length="8" />
        </property>
        <property name="categoryname" type="java.lang.String">
            <column name="CATEGORYNAME" length="16" />
        </property>
        <property name="createtime" type="java.util.Date">
            <column name="CREATETIME" length="7" />
        </property>
        <property name="status" type="java.lang.String">
            <column name="STATUS" length="1" />
        </property>
    </class>
</hibernate-mapping>
