<?xml version="1.0" encoding="utf-8"?>
<!DOCTYPE hibernate-mapping PUBLIC "-//Hibernate/Hibernate Mapping DTD 3.0//EN"
"http://hibernate.sourceforge.net/hibernate-mapping-3.0.dtd">
<!-- 
    Mapping file autogenerated by MyEclipse Persistence Tools
-->
<hibernate-mapping>
    <class name="com.kidmate.model.KmChild" table="KM_CHILD" schema="KIDMATE">
        <id name="id" type="java.lang.Long">
            <column name="ID" precision="18" scale="0" />
            <generator class="sequence">
				<param name="sequence">seq_KM_CHILD</param>
			</generator>
        </id>
        <property name="parentid" type="java.lang.Long">
            <column name="PARENTID" precision="18" scale="0" />
        </property>
        <property name="name" type="java.lang.String">
            <column name="NAME" length="64" />
        </property>
        <property name="gender" type="java.lang.String">
            <column name="GENDER" length="1" />
        </property>
        <property name="birth" type="java.util.Date">
            <column name="BIRTH" length="7" />
        </property>
        <property name="createtime" type="java.util.Date">
            <column name="CREATETIME" length="7" />
        </property>
        <property name="status" type="java.lang.String">
            <column name="STATUS" length="1" />
        </property>
    </class>
</hibernate-mapping>
