<?xml version="1.0" encoding="utf-8"?>
<!DOCTYPE hibernate-mapping PUBLIC "-//Hibernate/Hibernate Mapping DTD 3.0//EN"
"http://hibernate.sourceforge.net/hibernate-mapping-3.0.dtd">
<!-- 
    Mapping file autogenerated by MyEclipse Persistence Tools
-->
<hibernate-mapping>
    <class name="com.kidmate.model.KmCredit" table="KM_CREDIT" schema="KIDMATE">
        <id name="id" type="java.lang.Long">
            <column name="ID" precision="18" scale="0" />
            <generator class="sequence">
				<param name="sequence">seq_KM_CREDIT</param>
			</generator>
        </id>
        <property name="pid" type="java.lang.Long">
            <column name="PID" precision="18" scale="0" />
        </property>
        <property name="credit" type="java.lang.Long">
            <column name="CREDIT" precision="18" scale="0" />
        </property>
        <property name="updatetime" type="java.util.Date">
            <column name="UPDATETIME" length="7" />
        </property>
        <property name="status" type="java.lang.String">
            <column name="STATUS" length="1" />
        </property>
    </class>
</hibernate-mapping>
