<?xml version="1.0" encoding="utf-8"?>
<!DOCTYPE hibernate-mapping PUBLIC "-//Hibernate/Hibernate Mapping DTD 3.0//EN"
"http://hibernate.sourceforge.net/hibernate-mapping-3.0.dtd">
<!-- 
    Mapping file autogenerated by MyEclipse Persistence Tools
-->
<hibernate-mapping>
    <class name="com.kidmate.model.KmCreditDetail" table="KM_CREDIT_DETAIL" schema="KIDMATE">
        <id name="id" type="java.lang.Long">
            <column name="ID" precision="18" scale="0" />
            <generator class="sequence">
				<param name="sequence">seq_KM_CREDIT_DETAIL</param>
			</generator>
        </id>
        <property name="pid" type="java.lang.Long">
            <column name="PID" precision="18" scale="0" />
        </property>
        <property name="credit" type="java.lang.Long">
            <column name="CREDIT" precision="18" scale="0" />
        </property>
        <property name="creditchange" type="java.lang.Long">
            <column name="CREDITCHANGE" precision="18" scale="0" />
        </property>
        <property name="typeid" type="java.lang.Long">
            <column name="TYPEID" precision="18" scale="0" />
        </property>
        <property name="createtime" type="java.util.Date">
            <column name="CREATETIME" length="7" />
        </property>
        <property name="status" type="java.lang.String">
            <column name="STATUS" length="1" />
        </property>
    </class>
</hibernate-mapping>
