<?xml version="1.0" encoding="utf-8"?>
<!DOCTYPE hibernate-mapping PUBLIC "-//Hibernate/Hibernate Mapping DTD 3.0//EN"
"http://hibernate.sourceforge.net/hibernate-mapping-3.0.dtd">
<!-- 
    Mapping file autogenerated by MyEclipse Persistence Tools
-->
<hibernate-mapping>
    <class name="com.kidmate.model.KmCreditType" table="KM_CREDIT_TYPE" schema="KIDMATE">
        <id name="id" type="long">
            <column name="ID" precision="18" scale="0" />
            <generator class="sequence">
				<param name="sequence">seq_KM_CREDIT_TYPE</param>
			</generator>
        </id>
        <property name="description" type="string">
            <column name="DESCRIPTION" length="1024" />
        </property>
        <property name="credit" type="long">
            <column name="CREDIT" precision="18" scale="0" />
        </property>
        <property name="name" type="string">
            <column name="NAME" length="1024" />
        </property>
        <property name="createtime" type="date">
            <column name="CREATETIME" length="7" />
        </property>
        <property name="status" type="string">
            <column name="STATUS" length="1" />
        </property>
    </class>
</hibernate-mapping>
