<?xml version="1.0" encoding="utf-8"?>
<!DOCTYPE hibernate-mapping PUBLIC "-//Hibernate/Hibernate Mapping DTD 3.0//EN"
"http://hibernate.sourceforge.net/hibernate-mapping-3.0.dtd">
<!-- 
    Mapping file autogenerated by MyEclipse Persistence Tools
-->
<hibernate-mapping>
    <class name="com.kidmate.model.KmEquipment" table="KM_EQUIPMENT" schema="KIDMATE">
        <id name="id" type="java.lang.Long">
            <column name="ID" precision="18" scale="0" />
            <generator class="sequence">
				<param name="sequence">seq_KM_EQUIPMENT</param>
			</generator>
        </id>
        <property name="parentid" type="java.lang.Long">
            <column name="PARENTID" precision="18" scale="0" />
        </property>
        <property name="equipmenttype" type="java.lang.String">
            <column name="EQUIPMENTTYPE" length="1" />
        </property>
        <property name="alias" type="java.lang.String">
            <column name="ALIAS" length="16" />
        </property>
        <property name="mac" type="java.lang.String">
            <column name="MAC" length="64" />
        </property>
        <property name="sign" type="java.lang.String">
            <column name="SIGN" length="32" />
        </property>
        <property name="regsource" type="java.lang.Integer">
            <column name="REGSOURCE" precision="9" scale="0" />
        </property>
        <property name="regip" type="java.lang.String">
            <column name="REGIP" length="16" />
        </property>
        <property name="lastip" type="java.lang.String">
            <column name="LASTIP" length="16" />
        </property>
         <property name="pushMagic" type="java.lang.String">
            <column name="PUSHMAGIC" length="64" />
        </property>
        <property name="token" type="java.lang.String">
            <column name="TOKEN" length="64" />
        </property>
         <property name="udid" type="java.lang.String">
            <column name="UDID" length="64" />
        </property>
        <property name="unlockToken" type="java.lang.String">
            <column name="UNLOCKTOKEN" length="4000" />
        </property>
         <property name="topic" type="java.lang.String">
            <column name="TOPIC" length="64" />
        </property>
        <property name="createtime" type="java.util.Date">
            <column name="CREATETIME" length="7" />
        </property>
        <property name="lastupdate" type="java.util.Date">
            <column name="LASTUPDATE" length="7" />
        </property>
        <property name="status" type="java.lang.String">
            <column name="STATUS" length="1" />
        </property>
    </class>
</hibernate-mapping>
