<?xml version="1.0" encoding="utf-8"?>
<!DOCTYPE hibernate-mapping PUBLIC "-//Hibernate/Hibernate Mapping DTD 3.0//EN"
"http://hibernate.sourceforge.net/hibernate-mapping-3.0.dtd">
<!-- 
    Mapping file autogenerated by MyEclipse Persistence Tools
-->
<hibernate-mapping>
    <class name="com.kidmate.model.KmEquipmentApp" table="KM_EQUIPMENT_APP" schema="KIDMATE">
        <id name="id" type="java.lang.Long">
            <column name="ID" precision="18" scale="0" />
            <generator class="sequence">
				<param name="sequence">seq_KM_EQUIPMENT_APP</param>
			</generator>
        </id>
        <property name="equipmentid" type="java.lang.Long">
            <column name="EQUIPMENTID" precision="18" scale="0" />
        </property>
        <property name="appid" type="java.lang.Long">
            <column name="APPID" precision="18" scale="0" />
        </property>
        <property name="version" type="java.lang.String">
            <column name="VERSION" length="32" />
        </property>
        <property name="createtime" type="java.util.Date">
            <column name="CREATETIME" length="7" />
        </property>
        <property name="status" type="java.lang.String">
            <column name="STATUS" length="1" />
        </property>
    </class>
</hibernate-mapping>
