<?xml version="1.0" encoding="utf-8"?>
<!DOCTYPE hibernate-mapping PUBLIC "-//Hibernate/Hibernate Mapping DTD 3.0//EN"
"http://hibernate.sourceforge.net/hibernate-mapping-3.0.dtd">
<!-- 
    Mapping file autogenerated by MyEclipse Persistence Tools
-->
<hibernate-mapping>
    <class name="com.kidmate.model.KmGuardian" table="KM_GUARDIAN" schema="KIDMATE">
        <id name="id" type="java.lang.Long">
            <column name="ID" precision="18" scale="0" />
            <generator class="sequence">
				<param name="sequence">seq_KM_GUARDIAN</param>
			</generator>
        </id>
        <property name="parentId" type="java.lang.Long">
            <column name="PARENTID" precision="18" scale="0" />
        </property>
        <property name="cparentId" type="java.lang.Long">
            <column name="CPARENTID" precision="18" scale="0" />
        </property>
       <property name="childId" type="java.lang.Long">
            <column name="CHILDID" precision="18" scale="0" />
        </property>
        <property name="createtime" type="java.util.Date">
            <column name="CREATETIME" length="8" />
        </property>
        <property name="type" type="java.lang.String">
            <column name="TYPE" length="1" />
        </property>
        <property name="status" type="java.lang.String">
            <column name="STATUS" length="1" />
        </property>
    </class>
</hibernate-mapping>
