<?xml version="1.0" encoding="utf-8"?>
<!DOCTYPE hibernate-mapping PUBLIC "-//Hibernate/Hibernate Mapping DTD 3.0//EN"
"http://hibernate.sourceforge.net/hibernate-mapping-3.0.dtd">
<!-- 
    Mapping file autogenerated by MyEclipse Persistence Tools
-->
<hibernate-mapping>
    <class name="com.kidmate.model.KmParentSms" table="KM_PARENT_SMS" schema="KIDMATE">
        <id name="id" type="java.lang.Long">
            <column name="ID" precision="12" scale="0" />
             <generator class="sequence">
				<param name="sequence">seq_KM_PARENT_SMS</param>
			</generator>
        </id>
        <property name="msg" type="java.lang.String">
            <column name="MSG" length="200" />
        </property>
        <property name="msgtype" type="java.lang.Integer">
            <column name="MSGTYPE" precision="6" scale="0" />
        </property>
        <property name="mobiles" type="java.lang.String">
            <column name="MOBILES" length="100" />
        </property>
        <property name="createtime" type="java.util.Date">
            <column name="CREATETIME" length="7" />
        </property>
        <property name="sendtime" type="java.util.Date">
            <column name="SENDTIME" length="7" />
        </property>
        <property name="status" type="java.lang.String">
            <column name="STATUS" length="1" />
        </property>
        <property name="functionname" type="java.lang.String">
            <column name="FUNCTIONNAME" length="100" />
        </property>
        <property name="openid" type="java.lang.String">
            <column name="OPENID" length="100" />
        </property>
        <property name="verifyCode" type="java.lang.String">
            <column name="VERIFY_CODE" length="20" />
        </property>
    </class>
</hibernate-mapping>
