<?xml version="1.0" encoding="utf-8"?>
<!DOCTYPE hibernate-mapping PUBLIC "-//Hibernate/Hibernate Mapping DTD 3.0//EN"
"http://hibernate.sourceforge.net/hibernate-mapping-3.0.dtd">
<!-- 
    Mapping file autogenerated by MyEclipse Persistence Tools
-->
<hibernate-mapping>
    <class name="com.kidmate.model.KmParent" table="KM_PARENT" schema="KIDMATE">
        <id name="id" type="java.lang.Long">
            <column name="ID" precision="18" scale="0" />
            <generator class="sequence">
				<param name="sequence">seq_KM_PARENT</param>
			</generator>
        </id>
        <property name="mobile" type="java.lang.String">
            <column name="MOBILE" length="15" />
        </property>
        <property name="username" type="java.lang.String">
            <column name="USERNAME" length="64" />
        </property>
        <property name="password" type="java.lang.String">
            <column name="PASSWORD" length="64" />
        </property>
        <property name="sign" type="java.lang.String">
            <column name="SIGN" length="64" />
        </property>
        <property name="name" type="java.lang.String">
            <column name="NAME" length="128" />
        </property>
        <property name="head" type="java.lang.String">
            <column name="HEAD" length="1024" />
        </property>
        <property name="lastlogintime" type="java.util.Date">
            <column name="LASTLOGINTIME" length="7" />
        </property>
        <property name="lastloginip" type="java.lang.String">
            <column name="LASTLOGINIP" length="16" />
        </property>
        <property name="openaccountid" type="java.lang.String">
            <column name="OPENACCOUNTID" length="32" />
        </property>
        <property name="md5token" type="java.lang.String">
            <column name="MD5TOKEN" length="32" />
        </property>
        <property name="sourceid" type="java.lang.Long">
            <column name="SOURCEID" precision="18" scale="0" />
        </property>
        <property name="token" type="java.lang.String">
            <column name="TOKEN" length="64" />
        </property>
        <property name="regsource" type="java.lang.Short">
            <column name="REGSOURCE" precision="4" scale="0" />
        </property>
        <property name="regtime" type="java.util.Date">
            <column name="REGTIME" length="7" />
        </property>
        <property name="regip" type="java.lang.String">
            <column name="REGIP" length="64" />
        </property>
        <property name="phonetype" type="java.lang.String">
            <column name="PHONETYPE" length="1" />
        </property>
        <property name="phonemac" type="java.lang.String">
            <column name="PHONEMAC" length="64" />
        </property>
        <property name="vip" type="java.util.Date">
            <column name="VIP" length="7" />
        </property>
        <property name="grouptype" type="java.lang.Integer">
            <column name="GROUPTYPE" precision="8" scale="0" />
        </property>
        <property name="status" type="java.lang.String">
            <column name="STATUS" length="1" />
        </property>
        <property name="invitecode" type="java.lang.String">
            <column name="INVITECODE" length="15" />
        </property>
        <property name="wxopenid" type="java.lang.String">
            <column name="WXOPENID" length="64" />
        </property>
        <property name="channel" type="java.lang.String">
            <column name="CHANNEL" length="200" />
        </property>
    </class>
</hibernate-mapping>
