<?xml version="1.0" encoding="utf-8"?>
<!DOCTYPE hibernate-mapping PUBLIC "-//Hibernate/Hibernate Mapping DTD 3.0//EN"
"http://hibernate.sourceforge.net/hibernate-mapping-3.0.dtd">
<!-- 
    Mapping file autogenerated by MyEclipse Persistence Tools
-->
<hibernate-mapping>
    <class name="com.kidmate.model.KmProductClass" table="KM_PRODUCT_CLASS" schema="KIDMATE">
        <id name="id" type="java.lang.Long">
            <column name="ID" precision="18" scale="0" />
            <generator class="sequence">
				<param name="sequence">seq_KM_PRODUCT_CLASS</param>
			</generator>
        </id>
        <property name="name" type="java.lang.String">
            <column name="NAME" length="128" />
        </property>
        <property name="description" type="java.lang.String">
            <column name="DESCRIPTION" length="4000" />
        </property> 
        <property name="remark" type="java.lang.String">
            <column name="remark" length="4000" />
        </property>
         <property name="image" type="java.lang.String">
            <column name="IMAGE" length="1024" />
        </property> 	
        <property name="link" type="java.lang.String">
            <column name="LINK" length="1024" />
        </property>
        <property name="kmbysort" type="java.lang.Long">
            <column name="KMBYSORT" precision="18" scale="0" />
        </property> 	
         <property name="tags" type="java.lang.String">
            <column name="TAGS" length="1024" />
        </property>
        <property name="createtime" type="java.util.Date">
            <column name="CREATETIME" length="7" />
        </property>
       <property name="status" type="java.lang.String">
            <column name="STATUS" length="1" />
        </property>
       
    </class>
</hibernate-mapping>
