<?xml version="1.0" encoding="utf-8"?>
<!DOCTYPE hibernate-mapping PUBLIC "-//Hibernate/Hibernate Mapping DTD 3.0//EN"
"http://hibernate.sourceforge.net/hibernate-mapping-3.0.dtd">
<!-- 
    Mapping file autogenerated by MyEclipse Persistence Tools
-->
<hibernate-mapping>
    <class name="com.kidmate.model.KmProduct" table="KM_PRODUCT" schema="KIDMATE">
        <id name="id" type="java.lang.Long">
            <column name="ID" precision="18" scale="0" />
            <generator class="sequence">
				<param name="sequence">seq_KM_PRODUCT</param>
			</generator>
        </id>
        <property name="name" type="java.lang.String">
            <column name="NAME" length="128" />
        </property>
        <property name="cid" type="java.lang.Long">
            <column name="CID" precision="18" scale="0" />
        </property>
        <property name="description" type="java.lang.String">
            <column name="DESCRIPTION" length="4000" />
        </property> 
         <property name="price" type="java.lang.Long">
            <column name="PRICE" precision="18" scale="2" />
        </property>
        <property name="remark" type="java.lang.String">
            <column name="remark" length="4000" />
        </property>
        <property name="link" type="java.lang.String">
            <column name="LINK" length="1024" />
        </property>
        <property name="prosize" type="java.lang.String">
            <column name="PROSIZE" length="128" />
        </property> 
         <property name="image" type="java.lang.String">
            <column name="IMAGE" length="1024" />
        </property> 		
         <property name="source" type="java.lang.String">
            <column name="SOURCE" length="1024" />
        </property>
        <property name="tags" type="java.lang.String">
            <column name="TAGS" length="1024" />
        </property>
        <property name="createtime" type="java.util.Date">
            <column name="CREATETIME" length="7" />
        </property>
       <property name="status" type="java.lang.String">
            <column name="STATUS" length="1" />
        </property>
        <property name="taocommand" type="java.lang.String">
            <column name="TAOCOMMAND" length="1024" />
        </property>
       
    </class>
</hibernate-mapping>
