<?xml version="1.0" encoding="utf-8"?>
<!DOCTYPE hibernate-mapping PUBLIC "-//Hibernate/Hibernate Mapping DTD 3.0//EN"
"http://hibernate.sourceforge.net/hibernate-mapping-3.0.dtd">

<hibernate-mapping>
    <class name="com.kidmate.model.KmRssChannel" table="Km_Rss_Channel" schema="KIDMATE">
        <id name="id" type="java.lang.Long">
            <column name="ID" precision="18" scale="0" />
            <generator class="sequence">
				<param name="sequence">seq_KM_RSS</param>
			</generator>
        </id>
       <property name="name" type="java.lang.String">
            <column name="NAME" length="128" />
        </property>
        <property name="title" type="java.lang.String">
            <column name="TITLE" length="128" />
        </property>
        <property name="description" type="java.lang.String">
            <column name="DESCRIPTION" length="1024" />
        </property>
       <property name="author" type="java.lang.String">
            <column name="AUTHOR" length="64" />
        </property>
         <property name="link" type="java.lang.String">
            <column name="LINK" length="1024" />
        </property>
        <property name="linkmode" type="java.lang.String">
            <column name="LINKMODE" length="1" />
        </property>
       
        <property name="createtime" type="java.util.Date">
            <column name="CREATETIME" length="8" />
        </property>
        <property name="status" type="java.lang.String">
            <column name="STATUS" length="1" />
        </property>
    </class>
</hibernate-mapping>
