<?xml version="1.0" encoding="utf-8"?>
<!DOCTYPE hibernate-mapping PUBLIC "-//Hibernate/Hibernate Mapping DTD 3.0//EN"
"http://hibernate.sourceforge.net/hibernate-mapping-3.0.dtd">

<hibernate-mapping>
    <class name="com.kidmate.model.KmRss" table="KM_RSS" schema="KIDMATE">
        <id name="id" type="java.lang.Long">
            <column name="ID" precision="18" scale="0" />
            <generator class="sequence">
				<param name="sequence">seq_KM_RSS</param>
			</generator>
        </id>
        <property name="channelId" type="java.lang.Long">
            <column name="CHANNELID" precision="18" scale="0" />
        </property>
        <property name="title" type="java.lang.String">
            <column name="TITLE" length="128" />
        </property>
        <property name="description" type="java.lang.String">
            <column name="DESCRIPTION" length="4000" />
        </property>
       <property name="pubdate" type="java.util.Date">
            <column name="PUBDATE" length="8" />
        </property>
         <property name="link" type="java.lang.String">
            <column name="LINK" length="1024" />
        </property>
        <property name="category" type="java.lang.String">
            <column name="CATEGORY" length="1024" />
        </property>
        <property name="author" type="java.lang.String">
            <column name="AUTHOR" length="64" />
        </property>
        <property name="createtime" type="java.util.Date">
            <column name="CREATETIME" length="8" />
        </property>
        <property name="status" type="java.lang.String">
            <column name="STATUS" length="1" />
        </property>
    </class>
</hibernate-mapping>
