<?xml version="1.0" encoding="utf-8"?>
<!DOCTYPE hibernate-mapping PUBLIC "-//Hibernate/Hibernate Mapping DTD 3.0//EN"
"http://hibernate.sourceforge.net/hibernate-mapping-3.0.dtd">
<!-- 
    Mapping file autogenerated by MyEclipse Persistence Tools
-->
<hibernate-mapping>
    <class name="com.kidmate.model.KmSnapshot" table="KM_SNAPSHOT" schema="KIDMATE">
        <id name="id" type="java.lang.Long">
            <column name="ID" precision="18" scale="0" />
            <generator class="sequence">
				<param name="sequence">seq_KM_SNAPSHOT</param>
			</generator>
        </id>
        <property name="equipmentid" type="java.lang.Long">
            <column name="EQUIPMENTID" precision="18" scale="0" />
        </property>
        <property name="url" type="java.lang.String">
            <column name="URL" length="64" />
        </property>
        <property name="longitude" type="java.lang.Double">
            <column name="LONGITUDE" precision="8" scale="4" />
        </property>
        <property name="latitude" type="java.lang.Double">
            <column name="LATITUDE" precision="8" scale="4" />
        </property>
       <property name="addr" type="java.lang.String">
            <column name="ADDR" length="64" />
        </property>
       
        <property name="createtime" type="java.util.Date">
            <column name="CREATETIME" length="8" />
        </property>
        <property name="status" type="java.lang.String">
            <column name="STATUS" length="1" />
        </property>
    </class>
</hibernate-mapping>
