<?xml version="1.0" encoding="utf-8"?>
<!DOCTYPE hibernate-mapping PUBLIC "-//Hibernate/Hibernate Mapping DTD 3.0//EN"
"http://hibernate.sourceforge.net/hibernate-mapping-3.0.dtd">
<!-- 
    Mapping file autogenerated by MyEclipse Persistence Tools
-->
<hibernate-mapping>
    <class name="com.kidmate.model.KmWifi" table="KM_WIFI" schema="KIDMATE">
        <id name="id" type="java.lang.Long">
            <column name="ID" precision="18" scale="0" />
            <generator class="sequence">
				<param name="sequence">seq_KM_WIFI</param>
			</generator>
        </id>
        <property name="equipmentid" type="java.lang.Long">
            <column name="EQUIPMENTID" precision="18" scale="0" />
        </property>
        <property name="wifiname" type="java.lang.String">
            <column name="WIFINAME" length="128" />
        </property>
        <property name="wifissid" type="java.lang.String">
            <column name="WIFISSID" length="128" />
        </property>
        <property name="ip" type="java.lang.String">
            <column name="IP" length="16" />
        </property>
        <property name="createtime" type="java.util.Date">
            <column name="CREATETIME" length="7" />
        </property>
    </class>
</hibernate-mapping>
