<?xml version="1.0" encoding="utf-8"?>
<!DOCTYPE hibernate-mapping PUBLIC "-//Hibernate/Hibernate Mapping DTD 3.0//EN"
"http://hibernate.sourceforge.net/hibernate-mapping-3.0.dtd">
<!-- 
    Mapping file autogenerated by MyEclipse Persistence Tools
-->
<hibernate-mapping>
    <class name="com.kidmate.model.KmWxKeyReply" table="KM_WX_KEY_REPLY" schema="KIDMATE">
        <id name="id" type="java.lang.Long">
            <column name="ID" precision="18" scale="0" />
            <generator class="sequence">
            	<param name="sequence">seq_KM_WX_KEY_REPLY</param>
            </generator>
        </id>
        <property name="keyword" type="java.lang.String">
            <column name="KEYWORD" length="50" not-null="true" />
        </property>
        <property name="content" type="java.lang.String">
            <column name="CONTENT" length="1000" not-null="true" />
        </property>
        <property name="createtime" type="java.util.Date">
            <column name="CREATETIME" length="7" not-null="true" />
        </property>
        <property name="updatetime" type="java.util.Date">
            <column name="UPDATETIME" length="7" not-null="true" />
        </property>
        <property name="status" type="java.lang.String">
            <column name="STATUS" length="1" />
        </property>
    </class>
</hibernate-mapping>
