<?xml version="1.0" encoding="utf-8"?>
<!DOCTYPE hibernate-mapping PUBLIC "-//Hibernate/Hibernate Mapping DTD 3.0//EN"
"http://hibernate.sourceforge.net/hibernate-mapping-3.0.dtd">
<!-- 
    Mapping file autogenerated by MyEclipse Persistence Tools
-->
<hibernate-mapping>
    <class name="com.kidmate.model.KmWxInfo" table="KM_WX_INFO" schema="KIDMATE">
        <id name="id" type="java.lang.Long">
            <column name="ID" precision="18" scale="0" />
            <generator class="sequence">
            	<param name="sequence">seq_KM_WX_INFO</param>
            </generator>
        </id>
        <property name="appid" type="java.lang.String">
            <column name="APPID" length="200" not-null="true" />
        </property>
        <property name="type" type="java.lang.Integer">
            <column name="TYPE" precision="6" scale="0" not-null="true" />
        </property>
        <property name="content" type="java.lang.String">
            <column name="CONTENT" length="400" not-null="true" />
        </property>
        <property name="updatetime" type="java.util.Date">
            <column name="UPDATETIME" length="7" not-null="true" />
        </property>
        <property name="createtime" type="java.util.Date">
            <column name="CREATETIME" length="7" not-null="true" />
        </property>
    </class>
</hibernate-mapping>
