<?xml version="1.0" encoding="utf-8"?>
<!DOCTYPE hibernate-mapping PUBLIC "-//Hibernate/Hibernate Mapping DTD 3.0//EN"
"http://hibernate.sourceforge.net/hibernate-mapping-3.0.dtd">
<!-- 
    Mapping file autogenerated by MyEclipse Persistence Tools
-->
<hibernate-mapping>
    <class name="com.kidmate.wx.model.BiYylActivity" table="BI_YYL_ACTIVITY" schema="DAREN">
        <id name="id" type="java.lang.Long">
            <column name="ID" precision="18" scale="0" />
            <generator class="assigned" />
        </id>
        <property name="content" type="java.lang.String">
            <column name="CONTENT" length="2000" not-null="true" />
        </property>
        <property name="type" type="java.lang.String">
            <column name="TYPE" length="1" />
        </property>
        <property name="status" type="java.lang.String">
            <column name="STATUS" length="1" />
        </property>
        <property name="createtime" type="java.sql.Timestamp">
            <column name="CREATETIME" length="7" />
        </property>
        <property name="starttime" type="java.sql.Timestamp">
            <column name="STARTTIME" length="7" />
        </property>
        <property name="endtime" type="java.sql.Timestamp">
            <column name="ENDTIME" length="7" />
        </property>
    </class>
</hibernate-mapping>
